<?xml version="1.0" encoding="UTF-8"?>
<project-private xmlns="http://www.netbeans.org/ns/project-private/1">
    <editor-bookmarks xmlns="http://www.netbeans.org/ns/editor-bookmarks/2" lastBookmarkId="0"/>
    <open-files xmlns="http://www.netbeans.org/ns/projectui-open-files/2">
        <group>
            <file>file:/C:/Users/160840320032/Desktop/AJAVA/prodapp/src/java/dao/UserDao.java</file>
            <file>file:/C:/Users/160840320032/Desktop/AJAVA/prodapp/web/index.jsp</file>
            <file>file:/C:/Users/160840320032/Desktop/AJAVA/prodapp/src/java/dto/user.java</file>
            <file>file:/C:/Users/160840320032/Desktop/AJAVA/prodapp/web/info.jsp</file>
            <file>file:/C:/Users/160840320032/Desktop/AJAVA/prodapp/src/java/conn/myConnection.java</file>
        </group>
    </open-files>
</project-private>
