<?xml version="1.0" encoding="UTF-8"?>
<project-private xmlns="http://www.netbeans.org/ns/project-private/1">
    <editor-bookmarks xmlns="http://www.netbeans.org/ns/editor-bookmarks/2" lastBookmarkId="0"/>
    <open-files xmlns="http://www.netbeans.org/ns/projectui-open-files/2">
        <group>
            <file>file:/F:/training/02Dec/HbmWebApp/web/index.jsp</file>
            <file>file:/F:/training/02Dec/HbmWebApp/web/insert.jsp</file>
            <file>file:/F:/training/02Dec/HbmWebApp/src/java/dao/EmployeeDao.java</file>
            <file>file:/F:/training/02Dec/HbmWebApp/src/java/dto/Employee.java</file>
            <file>file:/F:/training/02Dec/HbmWebApp/src/java/fact/MyHbmSessionFact.java</file>
        </group>
    </open-files>
</project-private>
