<?xml version="1.0" encoding="UTF-8"?>
<beans xmlns="http://www.springframework.org/schema/beans"
       xmlns:xsi="http://www.w3.org/2001/XMLSchema-instance"
       xmlns:aop="http://www.springframework.org/schema/aop"
       xmlns:context="http://www.springframework.org/schema/context"
       xmlns:p="http://www.springframework.org/schema/p"

       xsi:schemaLocation="http://www.springframework.org/schema/beans http://www.springframework.org/schema/beans/spring-beans-4.0.xsd
          http://www.springframework.org/schema/aop http://www.springframework.org/schema/aop/spring-aop-4.0.xsd
          http://www.springframework.org/schema/context http://www.springframework.org/schema/context/spring-context-4.0.xsd
">

 <context:component-scan base-package="cntr"></context:component-scan>
 <context:component-scan base-package="dao"></context:component-scan>
 
 <bean id="viewResolver"
  class="org.springframework.web.servlet.view.InternalResourceViewResolver"
  p:prefix="/"
  p:suffix=".jsp"
 >
  </bean>
  
  <bean id="myDataSource" 
  class="org.springframework.jdbc.datasource.DriverManagerDataSource" 
 >
  <property name="driverClassName" value="com.mysql.jdbc.Driver" ></property>
  <property name="url" value="jdbc:mysql://localhost:3306/j2ee_db" ></property>
  <property name="username" value="root" ></property>
  <property name="password" value="Welcome@123" ></property>
 </bean>
 
 <bean id="mySessionFactory" class="org.springframework.orm.hibernate4.LocalSessionFactoryBean" >
  <property name="dataSource" ref="myDataSource" ></property>
  <property name="hibernateProperties">
   <props>
    <prop key="hibernate.dialect">org.hibernate.dialect.MySQLDialect</prop>
    <prop key="hibernate.hbm2ddl.auto">update</prop>
    <prop key="hibernate.show_sql"></prop>
   </props>
  </property>
  <property name="annotatedClasses">
   <list>
    <value>dto.User</value>
   </list>
  </property>
 </bean>
 
 <bean id="hibernateTemplate" class="org.springframework.orm.hibernate4.HibernateTemplate" >
  <property name="sessionFactory" ref="mySessionFactory"></property>
 </bean>
  
 
</beans>
