<?xml version="1.0" encoding="UTF-8"?>
<beans xmlns="http://www.springframework.org/schema/beans"
       xmlns:xsi="http://www.w3.org/2001/XMLSchema-instance"

       xsi:schemaLocation="http://www.springframework.org/schema/beans http://www.springframework.org/schema/beans/spring-beans-4.0.xsd
">
<bean id="komal11" class="dto.Employee">
    <property name="empId" value="1234"> </property> 
    <property name="empName" value="komal"> </property> 
</bean>

<bean id="komal12" class="dto.Employee">
    <constructor-arg value="9999"></constructor-arg>
</bean>

</beans>
