<?xml version="1.0" encoding="UTF-8"?>
<beans xmlns="http://www.springframework.org/schema/beans"
       xmlns:xsi="http://www.w3.org/2001/XMLSchema-instance"

       xsi:schemaLocation="http://www.springframework.org/schema/beans http://www.springframework.org/schema/beans/spring-beans-4.0.xsd
">

    <bean id="empHH" class="dto.Employee">
        <property name="empId" value="11"></property>
        <property name="empName" value="hitesh"></property>
    </bean>
    
    <bean id="empKK" class="dto.Employee">
        <constructor-arg value="12"></constructor-arg>
    </bean>
    
    <bean id="empJJ" class="dto.Employee">
        <constructor-arg value="12"></constructor-arg>
        <constructor-arg value="hitesh"></constructor-arg>
    </bean>
</beans>
