<?xml version="1.0" encoding="UTF-8"?>
<beans xmlns="http://www.springframework.org/schema/beans"
       xmlns:xsi="http://www.w3.org/2001/XMLSchema-instance"
       xmlns:context="http://www.springframework.org/schema/context"
       xmlns:p="http://www.springframework.org/schema/p"

       xsi:schemaLocation="http://www.springframework.org/schema/beans http://www.springframework.org/schema/beans/spring-beans-4.0.xsd
          http://www.springframework.org/schema/context http://www.springframework.org/schema/context/spring-context-4.0.xsd
">

 <context:component-scan base-package="dao"></context:component-scan>
 
 <bean id="myDataSource" 
  class="org.springframework.jdbc.datasource.DriverManagerDataSource" 
 >
  <property name="driverClassName" value="com.mysql.jdbc.Driver" ></property>
  <property name="url" value="jdbc:mysql://localhost:3306/j2ee_db" ></property>
  <property name="username" value="root" ></property>
  <property name="password" value="Welcome@123" ></property>
 </bean>
 
 <bean id="jdbcTemplate" class="org.springframework.jdbc.core.JdbcTemplate" >
  <property name="dataSource" ref="myDataSource" ></property>
 </bean>
 
 <bean 
  id="userServ" 
  class="serv.UserService"  
  autowire="byType"
 >
  
 </bean>
 
</beans>
