<?xml version="1.0" encoding="UTF-8"?>
<beans xmlns="http://www.springframework.org/schema/beans"
       xmlns:xsi="http://www.w3.org/2001/XMLSchema-instance"

       xsi:schemaLocation="http://www.springframework.org/schema/beans http://www.springframework.org/schema/beans/spring-beans-4.0.xsd
">

 <bean id="messageBean" class="msg.MessageBean" >
  <constructor-arg value="1234" ></constructor-arg>
 </bean>
 
 <bean id="messageBean1" class="msg.MessageBean" >
  <constructor-arg value="456" ></constructor-arg>
  <constructor-arg value="smith" ></constructor-arg>
 </bean>
</beans>
