<?xml version="1.0" encoding="UTF-8"?>
<beans xmlns="http://www.springframework.org/schema/beans"
       xmlns:xsi="http://www.w3.org/2001/XMLSchema-instance"

       xsi:schemaLocation="http://www.springframework.org/schema/beans http://www.springframework.org/schema/beans/spring-beans-4.0.xsd
">

 
 <bean id="coll" class="coll.CollBean" >
  <constructor-arg>
   <props>
    <prop key="driver_class">com.mysql.jdbc.Driver</prop>
    <prop key="url">jdbc:myslq://localhost:3306/j2ee_db</prop>
   </props>
  </constructor-arg>
  <constructor-arg>
   <list>
    <value>user.hbm.xml</value>
    <value>student.hbm.xml</value>
   </list>
  </constructor-arg>
  <constructor-arg>
   <map>
    <entry key="page" value="this" ></entry>
    <entry key="request" value="HttpServletRequest" ></entry>
    <entry key="session" value="HttpSession" ></entry>
    <entry key="application" value="ServletContext" ></entry>
   </map>
  </constructor-arg>
 </bean>
 
</beans>
