<?xml version="1.0" encoding="UTF-8"?>
<beans xmlns="http://www.springframework.org/schema/beans"
       xmlns:xsi="http://www.w3.org/2001/XMLSchema-instance"

       xsi:schemaLocation="http://www.springframework.org/schema/beans http://www.springframework.org/schema/beans/spring-beans-4.0.xsd
">

  <bean id="empHH" class="dto.Employee">
      <property name="list">
        <list>
          <value>hitesh</value>
          <value>hit1</value>
          <value>hit2</value>
          <value>hit3</value>
          <value>hit4</value>
        </list> 
      </property>
      <property name="map">
          <map>
              <entry key="komal" value="pagal"></entry>
              <entry key="komal1" value="murkh"></entry>
              <entry key="komal2" value="zamee"></entry>
              <entry key="komal3" value="idiot"></entry>
          </map>
      </property>
      <property name="props">
          <props>
              <prop key="komal">hushar</prop>
              <prop key="komal1">taleted</prop>
              <prop key="komal2">extrataleted</prop>
              <prop key="komal3">multitaleted</prop>
          </props>
      </property>
  </bean>
  
  <bean id="empKK" class="dto.Employee">
      <constructor-arg>
          <list>
          <value>hitesh</value>
          <value>hit1</value>
          <value>hit2</value>
          <value>hit3</value>
          <value>hit4</value>
        </list> 
      </constructor-arg>
      <constructor-arg>
          <map>
              <entry key="komal" value="pagal"></entry>
              <entry key="komal1" value="murkh"></entry>
              <entry key="komal2" value="zamee"></entry>
              <entry key="komal3" value="idiot"></entry>
          </map>
      </constructor-arg>
      <constructor-arg>
          <props>
              <prop key="komal">hushar</prop>
              <prop key="komal1">taleted</prop>
              <prop key="komal2">extrataleted</prop>
              <prop key="komal3">multitaleted</prop>
          </props>
      </constructor-arg>
  </bean>
</beans>
